"","ExNeurons","GM.astrocytes","InhNeurons","microglia.macrophages","Oligodendrocytes","OPCs","Vasculature","WM.astrocytes"
"CACCCTTTCCTCGCTC-1",0,0.114021511790428,0,0,0.219381833192285,0,0.186704488780947,0.479892166236341
"CAACTTGTAGTGGGCA-1",0,0,0,0.151026494682244,0.30881500716338,0,0.144867062123587,0.395291436030788
"AATATCAAGGTCGGAT-1",0,0,0,0.231864548702679,0.18887359407738,0.170478895713889,0.408782961506053,0
"ACTCAGACCTGCTTCT-1",0,0,0,0.152651856198091,0.257317734680664,0,0.148909409013871,0.441121000107374
"TTGGAGTCTCCCTTCT-1",0,0,0.138131152055231,0,0.337993005267375,0,0.189027522762039,0.334848319915356
"GGATACTCATGAATTG-1",0,0,0,0.232823770924918,0.306134013277864,0,0.167331834449681,0.293710381347537
"GAGCCACGGTAGTAGG-1",0,0,0,0.155685394303685,0.204691191554068,0,0.244138083591904,0.395485330550344
"CTTGTGAGTCTTTGAC-1",0,0,0,0.160475009247807,0.289344547787226,0,0.132025703692325,0.418154739272643
"TCAACACATTGGGTAA-1",0,0,0,0,0.375508011771611,0,0.305579432581104,0.318912555647286
"ACTGTATACGCGAGCA-1",0,0,0,0.142560654855753,0.262398981984132,0.109899057047525,0.135752173738325,0.349389132374265
"GTGAAACGTGCTCCAC-1",0,0,0,0.197312158784411,0.186878179669514,0,0.361391300931314,0.254418360614761
"GTACTGCATGAAGCGT-1",0,0.111176640274746,0,0.159057102935905,0.281732477401902,0,0.172831395626599,0.275202383760848
"GTAACTTGCGGCAGTC-1",0,0,0,0.107461436004359,0.115545682961649,0,0.183572409759187,0.593420471274805
"GAATCGCCGGACACGG-1",0,0,0,0,0.337471134805632,0,0.30622895468139,0.356299910512978
"GGGAGTAATGGCTGGC-1",0,0,0,0,0.278874525084449,0.122578536121153,0.245711276648247,0.352835662146152
"CATGAACCGACATTTG-1",0,0.117952336460099,0,0.200780296140812,0.162322769782973,0,0.304776256918088,0.214168340698028
"TCTGTCATACAAGAGC-1",0,0,0,0.1512500257311,0.3531813786386,0,0.215990657686967,0.279577937943333
"GTCGTCAATTATAAGG-1",0,0,0.260555366352521,0.101656057894497,0.169674382931395,0,0.188399666396761,0.279714526424826
"TAAAGAGCCCGAAACC-1",0,0,0,0.299693528890527,0.16110186717026,0,0.209270807648685,0.329933796290528
"GTACTGAGGTCGTAAC-1",0,0.182340983866128,0,0.155902891606975,0.185486646293339,0,0.126432867304576,0.349836610928982
"AAAGACCCAAGTCGCG-1",0,0,0,0.178752058885302,0.427914965567308,0,0.110313147178583,0.283019828368807
"CTATGTCTATTGAAAC-1",0,0,0,0.186757269663984,0.205741276341227,0,0.22674176933551,0.38075968465928
"ACTGTGCTAGTAGATC-1",0,0,0,0.152103024855193,0.291383692461088,0,0.166195258142962,0.390318024540757
"TTATCCAATCGAACTC-1",0,0,0,0.106024639184738,0.318277232852959,0,0.1828916336548,0.392806494307502
"CCGTACCCAAGCGCCA-1",0,0.160598572289474,0,0,0.162066761377148,0,0.241392381125797,0.435942285207581
"CATACAAAGCCGAACC-1",0,0,0,0.113949064028022,0.302443693811811,0,0.182903009225974,0.400704232934193
"GGTCGGTAATTAGACA-1",0,0,0,0.179309992782979,0.302655261473177,0,0.188801115317539,0.329233630426305
"AGCGGGAAGGGTCCAT-1",0,0.137792048286145,0.120130179186349,0.178776429566054,0.262352870107517,0,0.198814305895964,0.102134166957971
"GCCCACCAAGGCTGTC-1",0,0,0,0.302491577495079,0,0.133022207520091,0.175172350577581,0.389313864407249
"GTAGACGTCGTTACAT-1",0,0,0,0.205605484153499,0.1916248562599,0,0.334694532872253,0.268075126714349
"GAGCATCATCCCTGGG-1",0,0.19042428520843,0,0,0,0,0.207008224753654,0.602567490037916
"AGGTAACCTCCTATTC-1",0,0,0.125478772423636,0.1326055440744,0.37830596523998,0,0.152300567487018,0.211309150774966
"GGTTTGAGTGCTGGAA-1",0,0,0,0,0.385076823288136,0,0.170977469845279,0.443945706866585
"GCACTAGTCGCGCTAT-1",0,0,0,0.218598424291147,0.186615286340488,0,0.262407628761166,0.332378660607199
"GGTAACTATGTATCTG-1",0,0.17448510936718,0,0,0.362376974194782,0,0.171988855451252,0.291149060986785
"GCGGTCCCTAGACGCA-1",0,0,0,0.115894034173558,0.512148103883833,0,0.211758647395664,0.160199214546945
"CGAGCGTTGATCAGCC-1",0,0.166648018569792,0,0,0.408821195267967,0,0.271553937288404,0.152976848873837
"AATCCAAGGGCCTGAG-1",0,0,0,0,0.200697160148494,0.319541741109832,0.195445429580659,0.284315669161014
"CCGTGCCCATGACGGC-1",0,0,0,0.239319232292183,0.280352743869039,0.125602309176721,0.125939196444046,0.22878651821801
"GAAATTCACATCGCTG-1",0,0,0,0.282154244277221,0.420636134318205,0,0,0.297209621404574
"AGTAGGTAACATACAT-1",0,0,0,0.117668272794059,0.453518149999795,0,0.166333965202528,0.262479612003618
"ATTGGGAATATCTTGG-1",0,0,0.0998634728478201,0.148153975921145,0.27679738341839,0,0.10444435675649,0.370740811056155
"TAGAGCTACGAAGAAC-1",0,0.117531870878697,0,0.177222201917087,0.23655804845903,0.120789319939541,0.156109828902937,0.191788729902708
"TGCGGCATAGTTCAAC-1",0,0,0,0.141729838571548,0.446766754055984,0,0.17330743799993,0.238195969372538
"CCGCCGGTCAACACAC-1",0,0,0,0.217062850262355,0.207779422088255,0,0.2005194928781,0.37463823477129
"AACCATGGGATCGCTA-1",0,0,0,0.189939074644532,0.261495750505216,0,0.172067683831752,0.3764974910185
"ACTTAGTACGACAAGA-1",0,0,0,0.172289390566443,0.160172672280115,0,0.296214500757948,0.371323436395494
"GAGCTCTCGGACCTAA-1",0,0,0,0.161322249222445,0.187652723653869,0,0.232861199767034,0.418163827356652
"TCTATTACGCTGGCGA-1",0,0,0.115165833539496,0.221855648352516,0.148182816274432,0,0.127136410630269,0.387659291203286
"AGATACGACTTCATAT-1",0,0.129692145187388,0,0.107461834679321,0.184917480803318,0.105178488241231,0.218893021992718,0.253857029096024
"CGCTATACCGCCCACT-1",0,0,0.104301326768716,0.125937978008921,0.291016787458963,0,0.138364996246326,0.340378911517074
"CAGTGTCCGCAGAATG-1",0,0,0,0.134836130591585,0.302244233131594,0,0.206336643296235,0.356582992980586
"CCATCCATACCAAGTC-1",0,0,0.106327439407241,0.183838935757672,0.292635452577951,0,0.124254915586283,0.292943256670854
"AACCCAGAGACGGAGA-1",0,0,0.127742513731093,0.178437470179622,0.174285188806732,0,0.216393152100231,0.303141675182322
"GAAGAACGGTGCAGGT-1",0,0,0,0.197519276069499,0.221086325310853,0,0.138645667025885,0.442748731593763
"GATAAATCGGTGGATG-1",0,0,0,0,0.190660592121108,0.117827317806403,0.145986886731881,0.545525203340608
"CAGCTCGTGCTTGTGT-1",0,0,0.134068694228888,0.245771972351234,0.205180404018108,0,0.113750815891822,0.301228113509948
"GAGTACGGGTATACAA-1",0,0,0,0.185832716778899,0.176454852653981,0,0.306486743961607,0.331225686605513
"CATCGCCCGCGGCCAA-1",0,0.16401429224433,0,0,0.239009283167178,0,0.22080731569496,0.376169108893533
"TCTTACAGAGGTACCG-1",0,0,0,0.180919275164407,0.170249204688537,0,0.17903676801453,0.469794752132525
"TGGAAGACGAACACCA-1",0,0,0,0,0.302270732730185,0,0.256863067506633,0.440866199763182
"GTTGTCGTGTTAGTTG-1",0,0.162264731442985,0.112151333581717,0.161604876498107,0,0,0.234267288099159,0.329711770378033
"CCAAGGAACAGAGAGG-1",0,0,0.120760841889703,0.14485399679272,0.464966860860024,0,0,0.269418300457552
"CTGCACCTGGAACCGC-1",0,0,0,0,0.428725137175866,0,0.251956886955109,0.319317975869025
"CGCTTTCATACCGGTG-1",0,0,0,0.133898987951947,0.358817409220754,0,0.178918953914469,0.32836464891283
"GTTCTTCCCTCGATGT-1",0,0,0,0.216247784381311,0.231033002026016,0.194564299115063,0.211011202407435,0.147143712070175
"ATTTAACTCGTATTAC-1",0,0,0,0.179768807431147,0.501064438365382,0,0,0.319166754203471
"AACGATAGAAGGGCCG-1",0,0.105336401032021,0,0.147563790353931,0.198352136311917,0,0.215849791981035,0.332897880321095
"AGGCCCATTGTACAGG-1",0,0.14600326156668,0,0.17862738239001,0.282441889576271,0,0.263941804506296,0.128985661960744
"CCGGCGCATATTGGAT-1",0,0.126120408764559,0,0,0.186772623578389,0,0.183389354056386,0.503717613600666
"ATCTGTAATTGTACCC-1",0,0,0,0.237965534759534,0.306072167405099,0,0.130727795812262,0.325234502023105
"TTATTAGGGAAGCATC-1",0,0.12477934654846,0,0.145047641700109,0.227445548505474,0,0.161714943910562,0.341012519335395
"CGGTGTACTTGATCCC-1",0,0,0.0980538488740507,0.260925343419316,0.160338127086249,0,0.121453371809191,0.359229308811194
"CCTACGGCTCAGTCGA-1",0,0,0,0.168324442566538,0.341131688635244,0,0.118993083468231,0.371550785329987
"GTACTTGGGCACTTCT-1",0,0,0,0.322006128593702,0.123617116631476,0,0.224331507731054,0.330045247043768
"TGATTTCCTCCTGACG-1",0,0,0.0961157124090468,0.121085346777112,0.304051556459406,0,0.179976774070142,0.298770610284293
"CCTCACCAATCTTGAC-1",0,0,0,0.184028636622046,0.257687510251213,0.113161428031986,0.201751510083585,0.243370915011169
"GGTGAGATGCAGATAA-1",0,0,0.0998266399744918,0.131044498342303,0.198734625084802,0,0.135042983083923,0.43535125351448
"GCTAGTTTCATTGAGG-1",0,0,0,0.221982863228281,0.11429692893144,0,0.191270938790369,0.47244926904991
"AGGACATCGCACGTCG-1",0,0,0,0.326761202720122,0.342462892205574,0,0.195614937433051,0.135160967641253
"GTGGACGTGCTGAGAC-1",0,0,0,0.244428479009718,0.291827561347047,0,0.159786132609867,0.303957827033368
"TAAGGAACTTGTGGGA-1",0,0,0,0,0.364159758289315,0,0.225769360295283,0.410070881415402
"TCGCTGTGCGTAAATC-1",0,0,0,0.213442150345091,0.325189543666514,0.105382631326759,0.118341517426786,0.237644157234851
"GCATCCCTAACTTTGA-1",0,0,0,0.179133135889152,0.279004987338924,0,0.149726809306288,0.392135067465636
"CACCCACACGTCACCC-1",0,0,0,0.251738365425559,0.181125841396648,0,0.287961934385856,0.279173858791937
"CCCTCATTCTGGAATT-1",0,0,0,0.277692337635315,0,0,0.495720946517515,0.22658671584717
"AGGGCGTGATCGGCTA-1",0,0,0,0.267351194096098,0.140472562890965,0.104804159628131,0.138392377228817,0.348979706155989
"GGTGCGGATAAGTGGC-1",0,0,0.129825297926324,0.156122703841111,0.163601516860623,0,0.149203978693046,0.401246502678896
"TAATATTGAAATTCGC-1",0,0,0.226606666724983,0.159523305530821,0.154261207407904,0.0951804464457503,0.143342508199,0.221085865691542
"CTTACACTGGGAAATA-1",0,0,0,0.114866251834074,0.12107598934281,0.112412725132038,0.171996430361959,0.479648603329119
"ACCAAGAACGCGTGTC-1",0,0,0,0.140334360526503,0.361335492077011,0,0.161985079909758,0.336345067486728
"GCCTTCAGCCCTACCG-1",0,0,0,0.142789464019822,0.259594241615793,0,0.193184464898315,0.40443182946607
"GATGCTACAAGCGCCT-1",0,0,0,0.237865875317176,0.25595201858961,0,0.216117720721391,0.290064385371823
"CCGGGACCCGCAGAGA-1",0,0,0,0.135223834650582,0.253194205716782,0,0.232206018955286,0.37937594067735
"GTTCCAGTCTGACCAT-1",0,0,0,0.150911038851392,0.212690173933723,0,0.405321824058413,0.231076963156471
"ATGATCGGGAATAGAC-1",0,0.103549655729406,0,0.272403514277749,0.289113942109658,0,0.226904693324802,0.108028194558384
"TTGGATTGGGTACCAC-1",0,0,0,0.229422499294735,0.220306070339667,0,0.14103143097633,0.409239999389268
"TACCTCACGCTTGTAC-1",0,0.168777604834616,0,0,0.195710805075891,0,0.205495112531418,0.430016477558075
"CATGGCAGGAAGATCG-1",0,0,0,0.218213409189785,0.435267756799364,0,0.117332477369764,0.229186356641086
"ATGACGCCGGCTCTAA-1",0,0.111568731551317,0,0.268747785136653,0.108199906118522,0,0.178345560692473,0.333138016501036
"AGCGACATCCCATTCA-1",0,0,0,0.150685560237253,0.493510542069267,0,0.193379018738289,0.16242487895519
"AGTAATGTCTTGCCGC-1",0,0,0,0.161677343463994,0.321104262642732,0,0.165926379023444,0.35129201486983
"CGCTATTCAATGTATG-1",0,0,0,0.186107697078116,0,0,0.484937835751285,0.328954467170599
"ATATTGCTGTCAAAGT-1",0,0,0,0.121639024335479,0.464391287908289,0,0.169980091478565,0.243989596277666
"GGATTCAGTACGGTGG-1",0,0,0,0.353255735844106,0.276869928181786,0,0.113997308132715,0.255877027841392
"TTCTTAGTGAACGGTG-1",0,0,0,0.331251270577992,0.242488206632669,0,0.214138496226216,0.212122026563123
"AATGGTTCTCACAAGC-1",0,0,0,0.228949960452778,0.230991240356192,0,0.195936813414413,0.344121985776617
"TATACACGCAAAGTAT-1",0,0,0,0.198614902351393,0.241291017798565,0,0.242308939635845,0.317785140214197
"CAACGGTTCTTGATAC-1",0,0,0,0.263685497300827,0.218780674785517,0,0,0.517533827913656
"ACACCCGAGAAATCCG-1",0,0,0,0.259386600261775,0.195620393198149,0,0.214670786916497,0.330322219623578
"TCTATCATGCAGTTAC-1",0,0,0,0.132951727049437,0.250101609118093,0,0.1723807113285,0.444565952503971
"CCCGCCATGCTCCCGT-1",0,0,0,0.176631631265972,0.188087875190012,0,0.165371229542127,0.469909264001889
"CGCTTCCACTGAAATC-1",0,0,0,0.191890935436972,0.188642480490203,0.217901900946372,0.204151506506987,0.197413176619465
"CACTGTCCAAGTGAGA-1",0,0,0,0.261106214774754,0.233812814808138,0,0.187266814056323,0.317814156360785
"ATTACTAGCCTCTTGC-1",0,0,0,0.251442817033403,0.159541052613665,0,0.224690774233433,0.3643253561195
"CATAGTAGCATAGTAG-1",0,0.159815144293515,0,0,0.278986625509604,0,0.297630060727503,0.263568169469378
"AAGTAGAAGACCGGGT-1",0,0,0,0.190858737589952,0.123194674000045,0,0.179343523774189,0.506603064635815
"GCGGGAACCAGGCCCT-1",0,0.10816057960164,0.110294582064745,0.21182494840475,0,0,0.189593442147596,0.380126447781269
"ATTAGATTGATAGCGG-1",0,0,0.145679245179836,0,0.374045899722148,0,0.18222699167265,0.298047863425365
"CTCGGTCCGTAGCCTG-1",0,0,0,0.207579221681261,0.393061219317916,0,0.172498540481968,0.226861018518854
"TGGCTTTGGGTAGACA-1",0,0,0,0.189731590043619,0.314099323578107,0,0,0.496169086378274
"TATCCATATCATGCGA-1",0,0,0,0.156536537934829,0.190812967996172,0,0.188334855808959,0.46431563826004
"GGAGTGCCGCCCTGGA-1",0,0,0,0.377016115227684,0.303466841649165,0,0.158494654709173,0.161022388413978
"TGAGAATGCTTTACCG-1",0,0,0,0,0.370120293434146,0,0.219602229128331,0.410277477437523
"TTAACCAACCCTCCCT-1",0,0,0,0.225637725643858,0.227902086684172,0,0.259251483727044,0.287208703944925
"TGTTTCGGTACTTCTC-1",0,0,0,0.303794761075301,0.296513888662917,0,0.151709796832797,0.247981553428985
"TTGCTGAAGGAACCAC-1",0,0,0,0.346392169683582,0.180289912087496,0,0.177418934459993,0.295898983768929
"TATTTAGTCTAGATCG-1",0,0,0,0.206127518519536,0.15591024423432,0,0.347924580716726,0.290037656529418
"CTCCGGCCTAATATGC-1",0,0.128180478900086,0.130838412373629,0.119106918466781,0.177501410233411,0,0.123915985967051,0.320456794059042
"TTGTGGCCCTGACAGT-1",0,0,0,0.134569937473165,0.28255835790853,0,0.116697189625138,0.466174514993167
"CACTTCGCCACAGGCT-1",0,0,0,0.234541378129464,0.237773210055497,0,0.140154124151999,0.387531287663039
"CTGTATGGTGTAGAAA-1",0,0.125493904592012,0,0,0.347885886954924,0,0.21912351010525,0.307496698347813
"TACGTGCACTATGCTG-1",0,0.119216856361613,0,0.215191761966459,0.146686039185859,0,0.175101690705276,0.343803651780793
"GTATCAGCTTGGGTTC-1",0,0,0,0,0.120266667608179,0,0.224976059423967,0.654757272967854
"TAACAAAGGGAGAAGC-1",0,0.106262268152839,0.101783605804434,0.126419181439106,0.160778726493854,0,0.200958878304456,0.303797339805311
"TCTGAACCGGTCGGCT-1",0,0,0,0.242219261551556,0.269080008945772,0,0.156107852073104,0.332592877429568
"GCCTAGCGATCTGACC-1",0,0,0,0.220964283787536,0.175790179992384,0,0.225441159903592,0.377804376316488
"CCATGCTCTGCAGGAA-1",0,0,0,0.17525070813009,0.182606252582567,0,0.181764201990405,0.460378837296939
"TATAAATCCACAAGCT-1",0,0,0,0.15322962373296,0.187123618422785,0,0.218379885042187,0.441266872802067
"CGCTCGACATAATGAT-1",0,0.10226610899189,0,0.191806498702936,0.24953592662607,0,0.213836985817228,0.242554479861876
"CCAATTGAATGTTAAT-1",0,0.104541449075207,0,0.107392194718022,0.319464509321957,0.159136579785643,0.122037450225156,0.187427816874015
"GCTAATACCGAATGCC-1",0,0,0,0.211114698929507,0.122368595608338,0,0.210859567530257,0.455657137931898
"TTCCTCGAGGGTGTCT-1",0,0,0,0.180231777803567,0.26816540732057,0,0.19724124844543,0.354361566430432
"CAACGACCCGTTTACA-1",0,0.136163959029464,0,0.111351922760432,0.114727652477861,0,0.316922270752626,0.320834194979617
"CTTGTACTTGTTGACT-1",0,0,0,0.217062510249706,0.328525647857725,0,0.174052429785564,0.280359412107005
"TCTCTAATAGCTGGTA-1",0,0,0,0.154693720110876,0.111622417112085,0.126038639802892,0.291981345879688,0.315663877094459
"ATTATGCCATAGGGAG-1",0,0.116087864602912,0,0.107718150095576,0.270687076163065,0,0.128010135618298,0.377496773520149
"GACAACGCAGCTTACG-1",0,0.13093107982805,0,0,0.260099701086912,0.106584847100283,0.223514319551227,0.278870052433529
"AGATGACTCGCCCACG-1",0,0,0,0.32583561737984,0.282725744898132,0,0.159758629232911,0.231680008489117
"GTGCGGGTCTCCAAAT-1",0,0,0,0.177751537159139,0.358308326576463,0,0.276520365926045,0.187419770338352
"GTATAGGACTCAGTAG-1",0,0.196107015908663,0,0,0.180387476974978,0,0.163804964490766,0.459700542625593
"TTCTACTTGCGAGGGC-1",0,0.107756709736467,0,0,0.340058684484176,0,0.150932546978729,0.401252058800628
"CTGTTCATCTCACGGG-1",0,0,0.193919425355525,0.116941582893219,0.324077441378884,0,0.165178296971637,0.199883253400735
"TTCTTGTAACCTAATG-1",0,0,0,0.333821836500045,0.40493343981081,0,0,0.261244723689145
"GCTTGATGATAATCAG-1",0,0,0.160830342356211,0,0.167864851655055,0,0.323428875472611,0.347875930516123
"TTGGCTCGCATGAGAC-1",0,0,0,0.189507414726189,0.126028506235221,0,0.206103438054451,0.478360640984139
"GCCCAGTTGGTATGCC-1",0,0,0,0.35130750321388,0.254271566101164,0,0.141006673261255,0.253414257423701
"ATTCCTCCGCCAGTGC-1",0,0,0,0,0.427788853146624,0,0.208344823548195,0.363866323305181
"TCGTCCGCTGGCGTCT-1",0,0,0,0.200748887665265,0.213306747754384,0,0.134574141935853,0.451370222644499
"GGAGAAGTCATTGGCA-1",0,0,0,0,0.337228053869585,0.267889694778726,0.176042127996705,0.218840123354984
"TCTAGCATCTTCGATG-1",0,0,0,0.126192964592388,0.269698178215167,0,0.147867678673846,0.4562411785186
"TTCTAGGCCAATTGTG-1",0,0,0,0.497509116994066,0.171239338668855,0,0.174298393368258,0.156953150968821
"TCACGGTCATCGCACA-1",0,0,0,0.233426966829324,0.21058675918308,0,0.218700636550162,0.337285637437434
"ATGAAGCCAAGGAGCC-1",0,0,0,0.258337639402842,0.196700244288395,0,0.191738931749916,0.353223184558847
"AATGACTGTCAGCCGG-1",0,0.106948380906516,0,0.140172962577032,0.179631218339686,0,0.208700219755566,0.3645472184212
"CCAAACAGAACCCTCG-1",0,0,0,0.17262368483922,0.191939431803305,0,0.158119715436808,0.477317167920667
"TATCGATGATTAAACG-1",0,0,0,0.255225430378521,0.216473094408221,0,0.216606450326414,0.311695024886844
"GAACACACATCAACCA-1",0,0,0,0.12558332264776,0.197107688734566,0,0.150402712062418,0.526906276555256
"CCCGTCAGCGTCTGAC-1",0,0.130853258996776,0,0,0.134130964834578,0,0.160696383712134,0.574319392456512
"AGCATCGTCGATAATT-1",0,0,0,0.110249785948742,0.118169738610298,0,0.271755973173501,0.499824502267459
"GACTAAGATCATGCAC-1",0,0.121078985208437,0,0.367281532840802,0.138974402388187,0,0.148015893516248,0.224649186046326
"TAGGGTGTTTCAAGAG-1",0,0,0.148342247586584,0.117704687655528,0,0,0.11216093357255,0.621792131185338
"TAATGAAAGACCCTTG-1",0,0,0,0.124601017582328,0.278813625973945,0,0.145758279535741,0.450827076907987
"TTGCGTAGTTTGAGGA-1",0,0.135400629757024,0,0,0.188137946954781,0,0.129398840707965,0.54706258258023
"TGTGTCGCGAGTTGCA-1",0,0,0,0.136437534334768,0.428922209213631,0,0.230035018396901,0.204605238054701
"ATCCAACGCAGTCATA-1",0,0,0,0,0.112442539441317,0,0.647897189931083,0.2396602706276
"AAGGCGCGTAAAGCTT-1",0,0,0,0.252617033105963,0.346227289093249,0,0.126006466675238,0.27514921112555
"AGTCGGCCCAAACGAC-1",0,0.104563933559301,0,0.151795131605184,0.334777820461457,0,0.2058387534838,0.203024360890258
"AACGTCAGACTAGTGG-1",0,0,0.135534536858427,0.22155176749445,0.186692967411657,0,0.142605713350566,0.313615014884899
"ACTACCAGCTCTCTGG-1",0,0.148186545481667,0,0,0.182365002147688,0,0.238852287141724,0.430596165228921
"GCAAGTGCACAGAGAA-1",0,0.114414158363652,0,0.163523784041649,0.321573045587512,0,0,0.400489012007187
"ACACCTTAAGTAGGGC-1",0,0,0,0,0.41860149976239,0,0.152595378017237,0.428803122220374
"TTCGACGGGAAGGGCG-1",0,0.163544381683825,0,0.225169778345553,0.340208937305801,0,0,0.271076902664822
"TTCGCACTCGCGTGCT-1",0,0,0,0.110563844889637,0.110647570171329,0,0.268213723372427,0.510574861566608
"TATTTGTTACCCTTTA-1",0,0.11908524920631,0,0.202901427849889,0.13986752579437,0,0.137160558874283,0.400985238275147
"CGCTGTGACGCCGCAC-1",0,0,0,0.26056143024497,0.231383494868797,0,0.200510029915418,0.307545044970815
"GTTGCACGGAGTTTCG-1",0,0,0,0.136569420906975,0.310062589688365,0.386199214794975,0.167168774609685,0
"GTTTCCTGGAGGGTGA-1",0,0,0,0.337755485636622,0.300008778994102,0,0.184211689089063,0.178024046280213
"ACACCCAGCATGCAGC-1",0,0.127280892222809,0,0.164484989541452,0.275975009938083,0,0.14092023827081,0.291338870026846
"TCAACCATGTTCGGGC-1",0,0.157383476139169,0,0.200106896018715,0.127132954401912,0,0.192012192165535,0.32336448127467
"TTACAACTACGCATCC-1",0,0,0,0.232571542839064,0.25166766866195,0,0.112089104708261,0.403671683790724
"TCCGATGGTGCGACAT-1",0,0.122665736220062,0,0.0938201822964878,0.0940498371301981,0,0.157879142791111,0.531585101562141
"GGGCGTACATTTATAT-1",0,0,0,0.270179219263713,0.108210306266596,0,0.276350780069306,0.345259694400385
"TGGAATTAGACGCTTT-1",0,0.109758851212639,0,0.127107118221516,0.244527546482806,0,0.212989315417201,0.305617168665838
"TTATGTTTGCGATAGA-1",0,0.16313075216723,0,0,0.336837550570424,0,0.16444793872182,0.335583758540527
"GGTGCTGATCACAAAG-1",0,0,0,0.15545510959084,0,0,0.649595778497268,0.194949111911892
"GCTCTATGTTACGTGC-1",0,0,0,0.361578005692664,0,0.160103544689798,0.15277146767414,0.325546981943398
"TGCGCGATTAACGGAG-1",0,0,0,0.225546651098245,0.351430333917095,0,0.183615361853069,0.239407653131591
"GAATCGACATGGTCAC-1",0,0,0,0.253331747798409,0.156949926891021,0,0.210829469288396,0.378888856022174
"GACTAAGTAGGCTCAC-1",0,0,0,0.378314692662745,0.260215935947765,0,0,0.36146937138949
"ATCTTGACCTGCAACG-1",0,0.106971693141286,0,0.113088714735168,0.368072040505924,0,0.214158462506966,0.197709089110656
"ATGCACTACCGCATTG-1",0,0.106037971661049,0,0,0.326655794934366,0,0.117521818573493,0.449784414831091
"CAGATACTAACATAGT-1",0,0,0,0,0.151396608792457,0,0.181883445047515,0.666719946160028
"GATCGACACTATCTGA-1",0,0,0,0,0.658372128752217,0,0,0.341627871247783
"ATAGAGTACTGGGACA-1",0,0.107132383907953,0,0.240621747034559,0.162819010285591,0,0.149004338403382,0.340422520368516
"CCTACTGCTTACACTT-1",0,0,0.202311687345789,0,0.195504503979255,0,0.291319091397984,0.310864717276972
"CCTGCTATTTGAGAAG-1",0,0.109587531038195,0,0,0,0.213673542178845,0.206783052489194,0.469955874293766
"CGCGTTCATGAAATAC-1",0,0,0,0.320760787569666,0.42188457679465,0,0.146106979207469,0.111247656428215
"CATTATGCTTGTTGTG-1",0,0,0.116604149668432,0.188184251255824,0.233020340403645,0,0.253368728704598,0.208822529967501
"GTGGGCTTAGACACAC-1",0,0.117973957898038,0,0.150950818894911,0.272179035764446,0,0.170976470335248,0.287919717107356
"CGTGTCCCATTCGCGA-1",0,0,0,0.134691448339561,0.217973489618191,0,0.375466594100223,0.271868467942024
"TGGAGTGATGCGATGA-1",0,0,0.109049596746361,0.138258758579049,0.168420430984351,0,0.187415270937246,0.396855942752993
"AACAACTGGTAGTTGC-1",0,0,0,0.143474331744939,0.268611448055357,0,0.114618144185049,0.473296076014655
"CCTGGCTAGACCCGCC-1",0,0.10222328788251,0,0.104951085810655,0.156277470449144,0,0.160702413917101,0.47584574194059
"CGCAATTAGGGTAATA-1",0,0,0,0.160407519879608,0.316288069733781,0,0.130990281750109,0.392314128636503
"TCGAAATTTAGGACCA-1",0,0,0,0,0.436600966144049,0,0.172053133643817,0.391345900212134
"AGACTAGCCTTCCAGA-1",0,0,0,0.438950180161829,0.182553579783614,0.165307946824031,0,0.213188293230526
"TTGATCTAACTTTGTC-1",0,0,0,0,0.36141699403327,0,0.168528581086987,0.470054424879743
"AAGGAGCGGTTGGTGC-1",0,0,0,0.194762562291937,0.299176432081177,0,0.116051227909825,0.390009777717061
"ACTTGGGACCCGGTGG-1",0,0,0,0.163598709862527,0.23668991907515,0,0.208909023905566,0.390802347156756
"TGATCTCCGGCGCCAG-1",0,0.119141138550593,0,0.135789679004083,0.229318374361377,0,0.122728635090525,0.393022172993422
"CAGTTCAAATTGACAC-1",0,0.139986792362692,0,0,0.133552632816029,0,0.219833798121943,0.506626776699336
"GTCCGGCTGAATTGCG-1",0,0,0,0.169030030606118,0.423034644371422,0,0.156948857483497,0.250986467538963
"CTGGAAATGGATGCTT-1",0,0.108729210551872,0,0.121307390729226,0.302655548800557,0,0.307445065573184,0.15986278434516
"AAGGCTGTGCTCATCG-1",0.131434088145826,0,0,0.142489966153189,0.334973602741065,0,0,0.39110234295992
"TCCCAGGCTTAGCTAA-1",0,0,0,0,0.409163969668427,0,0.14385057695824,0.446985453373332
"AGTTCCTACAGAATTA-1",0,0.139759678894018,0,0.116205041056138,0.20189086808123,0,0.168419723818763,0.373724688149852
"CAAGCAACGTCGGAGT-1",0,0.119464431035407,0,0.117383303595441,0.225552834394545,0,0.252367572440946,0.28523185853366
"ATGCGACAGTCCCATT-1",0,0,0,0,0.367847590885446,0,0.198545175981124,0.43360723313343
"CCAATGTCACAGCAAG-1",0,0.170815389819251,0,0.122034974402924,0.194346027786503,0,0.16937331359672,0.343430294394603
"GTTGGATTTGCGTTGG-1",0,0,0,0.369064344434088,0.153702239456994,0,0.135124045704133,0.342109370404785
"GGGAGGATGCCCGAAA-1",0.110113088517409,0,0,0.172780323312232,0.164601623905923,0,0.211746657254319,0.340758307010117
"GATCGCGGGCTCTCCA-1",0,0,0,0.122822293488795,0.210748887821378,0,0.16980426791825,0.496624550771577
"GTTCGCCATAAGTGCC-1",0,0,0,0,0.24647458524144,0,0.198054461398199,0.555470953360361
"AGATTATAGGACGTTT-1",0,0,0,0,0.391204958424,0,0.282524624194299,0.326270417381702
"TCGAGACCAACACCGT-1",0,0,0,0.258375587799687,0.252151623494624,0,0.228966890542298,0.260505898163391
"ACTTATACTTACCCGG-1",0,0,0,0,0.193699767817911,0,0.317209895135311,0.489090337046778
"GAAGTCTCCCTAGCGA-1",0,0.22156823372289,0,0.165282283224043,0.193256167079333,0,0.145162927019307,0.274730388954426
"CAGGCCGTTTGGGTGT-1",0,0,0,0.281285585969384,0.291369132015378,0,0.222500911168555,0.204844370846683
"CTTCGTAGATAGGTGA-1",0,0,0,0.109124900808248,0.122827392021713,0,0.357126877353193,0.410920829816847
"TGCAGAGTACCGAGCA-1",0,0,0,0,0.432201583198339,0,0.215661049380068,0.352137367421594
"GAAGTGATTTATCGTG-1",0,0,0,0,0.387741678889465,0,0.159931460246584,0.452326860863951
"CGCTACGGGACATTTA-1",0,0,0,0.133192956286879,0.273139731496036,0,0.233229006044038,0.360438306173047
"CCACACTGAGATATTA-1",0,0,0,0,0.414227857185289,0,0.215197432369181,0.37057471044553
"CGATCCGACCCAGTGC-1",0.174346175219772,0.0997311428892382,0.213634799786288,0,0.252102167850215,0,0,0.260185714254486
"CTGTACTTCTTAGCAT-1",0,0,0,0,0.444929223812607,0,0.184635441265494,0.370435334921899
"ACTTATTAGGATCGGT-1",0,0.105098126666065,0,0.172116136830815,0.150774422053388,0,0.190442438172764,0.381568876276968
"TAGTCCGCAGAGAATG-1",0,0,0,0,0.375469919719377,0,0.156645346360833,0.46788473391979
"TTCACGAAAGGATCAC-1",0,0,0,0.135328131693139,0.475863742555934,0,0.170611941722535,0.218196184028392
"TACATTTCTAACGTGC-1",0,0.168772551381289,0,0,0.347563476096039,0,0,0.483663972522672
"ACCATATCCGCAATAA-1",0,0,0,0.144579669930833,0.242481393685024,0,0.223308151677021,0.389630784707121
"CACTCAAGAGCTATGG-1",0,0,0,0,0.367062863332033,0,0.137649026564433,0.495288110103534
"TGTACGAACAAATCCG-1",0,0,0,0.120207291284136,0.254635910034897,0,0.215853658843182,0.409303139837786
"ATCATCCAATATTTGT-1",0,0,0.156692630404767,0.116914013844198,0.259818466414007,0,0.179132473464903,0.287442415872126
"CGCTATTCTTAGGCTC-1",0,0,0,0.205607728167762,0.317736087279197,0,0.208577212105514,0.268078972447527
"TGGCAGCAGTAATAGT-1",0,0,0,0.127930475516878,0.364956431144009,0,0.177594404360511,0.329518688978602
"CATACGGCGTCTGGGC-1",0,0,0,0.141730042343452,0.410635525049482,0,0.157999844141798,0.289634588465268
"GCTAGTAGAGCTTGTA-1",0,0,0,0.14689347365182,0.310573841871662,0,0.194088327472719,0.348444357003798
"CGGAGCATGGCGATCC-1",0,0,0,0.153422750139721,0.309518900912191,0.115039231136096,0.257114542124604,0.164904575687388
"GTAGCGGCTATACACT-1",0,0,0,0,0.413839013780397,0,0.206278923014278,0.379882063205325
"TAACATACAATGTGGG-1",0.121861175186674,0,0,0,0.268125695029653,0,0.161757699546283,0.448255430237391
"TCTTCGAATAGACGTT-1",0,0,0,0.256509782201017,0.457004888702705,0,0,0.286485329096279
"AGTCGACGGTCTCAAG-1",0,0,0,0.144207081750944,0.178547777224595,0,0,0.677245141024461
"GTATGTGGGTCTAGTT-1",0,0,0,0,0.338968466954485,0,0.173538920412647,0.487492612632868
"GATTACTGAATTTGGG-1",0,0,0,0,0.267458485631192,0,0.377327853688265,0.355213660680543
"TCCAACTTTAAATTCT-1",0,0,0,0.20027947352655,0.195710960627649,0,0.196387366923132,0.407622198922669
"TCCTAGCAAAGAAGCT-1",0,0.10624606565375,0.12118839707122,0,0.251461001000596,0,0.162083014745593,0.35902152152884
"GTCTATCTGAGTTTCT-1",0,0,0,0.213308723968021,0.31716824734873,0,0.179215980621764,0.290307048061485
"GATGTTCAATCCACGA-1",0,0.139752416291937,0,0,0.363532849077925,0,0.18657313656364,0.310141598066498
"AGTTAAACACTTGCGA-1",0,0,0,0.269287470503106,0.240111775088818,0,0.149278696715712,0.341322057692364
"AGCTCTTTACTCAGTT-1",0,0,0,0.169053136595268,0.212890493356618,0,0.17160706677205,0.446449303276064
"ATCCAGGATTCGTGAA-1",0,0,0,0.234887171667799,0.461569788726729,0,0,0.303543039605472
"AGTCAACACCACCATC-1",0,0,0,0.194863007820153,0.216800515389279,0,0.186347155685926,0.401989321104643
"CGATACCTCGCGGACA-1",0,0,0,0.135027875163701,0.375321975491824,0,0.185568258665791,0.304081890678684
"TACAACGCACAACTCA-1",0,0,0,0.198117101721238,0.177304758253663,0,0.192408226348871,0.432169913676228
"AATTAAAGGTCGGCGT-1",0,0.115321916553662,0,0.150125930966856,0.29373706394285,0,0.139935939734212,0.30087914880242
"TACGCAGTTCTTTCCT-1",0,0,0,0.163627813499346,0.174194138257562,0,0.211511873610944,0.450666174632148
"GACCGTGCTGACGGTG-1",0,0.111680693903852,0,0,0.223035100833202,0,0.180923839968773,0.484360365294173
"GGCAAATTACTTTACT-1",0,0,0,0.157131245327922,0.28298950679357,0,0.171100078752563,0.388779169125945
"GGTACAAACATGCTAT-1",0,0,0,0.181226215920449,0.388552444437264,0,0.21216956161311,0.218051778029177
"CGGGCCTTCTTTGTAA-1",0,0,0,0.113079169355464,0.312862606769228,0,0.221190481469114,0.352867742406194
"CGTGAAGTTAATTCAC-1",0,0,0,0.240912625390678,0.331061830658573,0,0.116195252412955,0.311830291537793
"ATAGTGAAGCGTTCTC-1",0,0,0,0.107997681155505,0.347877401141801,0,0.179067181031499,0.365057736671195
"TACGCCATATTCTAAT-1",0,0,0.133402561333122,0,0.162071005019042,0.10284816338525,0.178187048836865,0.423491221425721
"GCCGGGTTAGGGTCGC-1",0,0,0.119942426323292,0,0.348891879673958,0,0.124804516116549,0.4063611778862
"TACATAGGCATACACC-1",0,0,0,0.142688406910383,0.322601755013412,0.102143401502777,0.149548589407731,0.283017847165697
"TTATGAATGAAAGGGA-1",0,0,0,0.226542250468837,0.20637915625083,0,0.146232770729816,0.420845822550517
"GCTGAGGCGTGAGTAT-1",0,0,0,0.14997575014525,0.236112912485395,0,0.193701723772428,0.420209613596926
"GCGCCGTTCCACGATA-1",0,0,0,0,0.294498529806227,0,0.169446940424628,0.536054529769145
"CGCATGGTGCGATGCT-1",0,0,0.110172124517954,0.191660989423356,0.204758243998667,0,0.138410687809963,0.354997954250061
"AGGTTTCACACACCTT-1",0,0,0,0.189026221960893,0.377258230245841,0,0.275940873715466,0.1577746740778
"CAAGGATCGCATGTTC-1",0,0,0,0,0.400699977954929,0,0.180108691102754,0.419191330942317
"ACGTTAATGTCGAAGA-1",0,0,0,0.126396188616431,0.262284285389132,0,0.188471421944027,0.42284810405041
"TCCAGAGCACCGGTTC-1",0,0,0,0,0.426799445061236,0,0.132595702262879,0.440604852675885
"GATTCGACGGTTCACG-1",0,0.168062473502101,0,0.109350614065363,0,0,0.273960771581167,0.448626140851369
"GCTGCACGGTTTCTTA-1",0,0.122888431194199,0,0,0.270073535576097,0,0.218304616715475,0.388733416514229
"TGAGCCATACAGTCTC-1",0,0,0,0.33762278498972,0.119493064649423,0,0.206844512843338,0.336039637517518
"GTTGAACCGGTTCCAT-1",0,0,0,0.121216153113146,0.388730816343411,0,0.208070677478053,0.281982353065391
"TTGACTACCATATGGT-1",0,0,0,0.144580735800773,0.388227513231421,0,0.119892964360909,0.347298786606897
"ACCATCGTATATGGTA-1",0,0,0,0.104497832707703,0.326598681090859,0,0.113402362829764,0.455501123371674
"TGCGTAAGAACCTGAT-1",0,0,0,0.104890775961271,0.303338951488945,0,0.282406225144774,0.30936404740501
"AGAAGGTTGCCGAATT-1",0,0,0,0,0.346904273502333,0,0.15345667170114,0.499639054796528
"AGGACGACCCATTAGA-1",0,0,0,0.116493355970451,0.194227356955884,0,0.255402216715995,0.433877070357671
"GGTGCTGGTACACATT-1",0,0,0.107678015389777,0.139889853636685,0.317816257928133,0,0.191512931959869,0.243102941085537
"GCGCTATGCCGAGGCA-1",0,0,0,0.112888891993694,0.174021525392838,0,0.284721917493258,0.428367665120209
"ACCCGGTTACACTTCC-1",0,0,0,0.225334945071793,0.229244206016903,0.109975037870297,0.183560054785047,0.25188575625596
"CACAATGAGCTGCTAT-1",0,0,0,0.160546645284658,0.277499260251503,0,0.247057434577792,0.314896659886046
"TATCTACCACAGCGGG-1",0,0.122534628016828,0,0,0.292405434925203,0,0.207446649534416,0.377613287523553
"ACATCGATCGTTTACC-1",0,0,0,0,0.341194841315839,0,0.244961901609648,0.413843257074513
"GAATCTGAACATTCTC-1",0,0,0,0.181555331658763,0.11314087585234,0,0.255212833703166,0.450090958785731
"AGTTCCTATTTATGTT-1",0,0,0,0.161179013503292,0.160500071114051,0,0.304713523929979,0.373607391452678
"CAGTCTGTATACTGGG-1",0,0.0993729788281316,0,0.105900460419476,0.198041122190616,0,0.290481405256391,0.306204033305385
"CCTAAATTAACGGTTC-1",0,0,0,0.201149190401992,0.238180052955807,0,0.23766557657751,0.323005180064692
"CTGTGCAGGGTAGGTC-1",0,0.123734761218833,0,0.219891733141093,0.215691592884061,0,0.168399460193787,0.272282452562225
"ACTTGACTCCCTCTTT-1",0,0,0,0.204694646998691,0.302220053738239,0,0.183582172121341,0.309503127141729
"CTAGATTTACGACGGC-1",0,0.212298356559166,0,0.115818987833239,0.273799447502161,0,0.197026880027523,0.201056328077911
"GGCGAAATCTAACTTG-1",0,0.111440250764091,0,0,0.29603725627462,0,0.193810620708283,0.398711872253006
"TAGCCATTTCAAAGTC-1",0,0,0,0,0.414232711996319,0,0.251025033128978,0.334742254874703
"ATGCCATTTGCGACCA-1",0,0,0,0.122618204442092,0.214562078271475,0,0.170874901884793,0.49194481540164
"GAATAGACGCGACCCA-1",0,0,0,0.150513594010348,0.113483598970974,0,0.170902935891384,0.565099871127295
"TGTATGGCGCAGACAG-1",0,0,0,0,0.160447435665547,0.110897100306034,0.150370636164457,0.578284827863962
"CGACAATTTGATCTAA-1",0,0.115885558163311,0,0.125801507538789,0.150796168664524,0,0.221159176438628,0.386357589194747
"TCGCCGAAGTTGCGTC-1",0,0,0,0.153486445455253,0.213959144766651,0,0.152186594610502,0.480367815167595
"GCCACAATTTAAGGAC-1",0,0,0,0.123585417109281,0.179387108688175,0,0.1637954576577,0.533232016544844
"ATATTCAGTTAAACCT-1",0,0,0,0.213873321915519,0.28338598404302,0,0.176292345081845,0.326448348959616
"TGAGTGCCTCTTAAAT-1",0,0.106531645375868,0,0.109968326643286,0.292092279899766,0,0.224748490799767,0.266659257281313
"ATCAGACGGCACGCCG-1",0,0,0,0.189947088263715,0.192084864941745,0,0.173215803949454,0.444752242845085
"GTGCCGCTTCAAAGGT-1",0,0,0,0.157704279984947,0.188725315605133,0,0.165813405644307,0.487756998765614
"TTCCGGTTACCCACTT-1",0,0,0.0992474091031665,0,0.240488474848044,0,0.359706824025647,0.300557292023142
"GAGTGTGCGGTACCCA-1",0,0.1231664584746,0.125842066961126,0.116782607838195,0.234272604609683,0,0.14582112605339,0.254115136063005
"CAAGATATTATAACGT-1",0,0,0,0,0.612119851590086,0,0.154033294349177,0.233846854060737
"ACACACCAGGACCAGT-1",0,0,0,0.129217563099605,0.346482352019274,0,0.268669673724401,0.25563041115672
"ATGGGCCTCGGCCTCT-1",0,0,0,0,0.31287957983776,0.12478622727806,0.221383822586406,0.340950370297775
"AAGGTGATAAACCAGC-1",0,0,0,0,0.157278675815061,0,0.521839021270937,0.320882302914002
"TCTTACTTATGCCTCT-1",0,0,0,0.107351203454715,0.24239055671272,0,0.197448148991593,0.452810090840972
"AAAGTGTGATTTATCT-1",0,0,0,0,0.25836349272483,0.162144615763975,0.307463614336503,0.272028277174693
"TGCTCCACAGTTCTTA-1",0,0.157035944054156,0.375236896894079,0,0.233190504223917,0,0,0.234536654827847
"CTGGCTGATTCATCCT-1",0,0.111208463347556,0,0.140842689877097,0.208581366013847,0,0.272124753386251,0.267242727375248
"AAATTTGCGGGTGTGG-1",0,0.138641785814067,0,0,0.226025356933256,0,0.161814296634092,0.473518560618586
"AAGTTCGGCCAACAGG-1",0,0.155437408624776,0.107694580086999,0,0.232691605189822,0,0.144123258394248,0.360053147704155
"CCGCTTACCTCACTCT-1",0,0,0,0.219918523952452,0.448141178957802,0,0.146957313141772,0.184982983947974
"ATCACGTGCTAATTAA-1",0,0.144444501522746,0,0.177210730736315,0.182815624918139,0,0.185259429315327,0.310269713507473
"GGTGAAGTACAGGGAT-1",0,0.11069937789505,0,0.10182728093489,0.197777430784579,0,0.151328407081771,0.43836750330371
"GCTGTATTACTGGCCC-1",0,0.139290819598812,0,0.15320369631492,0.157790639183701,0,0.142651556497743,0.407063288404823
"ACTGAATGGCGAAAGT-1",0,0,0,0.171858440447397,0.282978728495958,0,0.169116594241186,0.37604623681546
"TTCAGCCCTGGTCCAC-1",0,0,0,0.104126462441148,0.224396348450722,0,0.206297761721703,0.465179427386427
"TTAGAGTTTAGAAGGA-1",0,0,0,0.180769133726173,0.192418180521024,0,0.189640902855294,0.437171782897509
"GGTTAGCTATATGTCT-1",0,0.142435828882012,0,0.195529162296257,0.202154398074129,0,0.267722405477967,0.192158205269635
"CTGGTTTCGAGCAAGA-1",0,0,0,0.173483601590369,0.296138807589681,0,0,0.53037759081995
"TGGGCCCATACTAATT-1",0,0,0.397106166487952,0.10219541927145,0.170427732439965,0,0.100538501072847,0.229732180727786
"ACTTATTTATGTGCCA-1",0,0,0,0.196936970561856,0.188118146836831,0,0.137244037473378,0.477700845127936
"TTAGTTATTCGTGGCA-1",0,0,0,0,0.12185211746826,0,0.249121736226167,0.629026146305573
"AACCGCTAAGGGATGC-1",0,0,0.174796996016763,0.222499281787486,0.171338985614142,0,0,0.431364736581609
"ATACGTCCACTCCTGT-1",0,0.128164886500638,0,0.177890114565867,0.128455410420492,0,0.140467158695376,0.425022429817627
"CGACACGCTCCGACAG-1",0,0,0,0.224670438561786,0.203479829686258,0,0.229222080748105,0.342627651003851
"TCAACGCAGGAAATAA-1",0,0,0,0.248269144297289,0.291415682363982,0,0.122987648423285,0.337327524915444
"TATTCCTCCGCCCACT-1",0,0,0,0.193341726039039,0.228812035302701,0,0.166675832613851,0.411170406044408
"ATCAAACGAAGGTTTG-1",0,0,0,0.191236117339642,0.36439838969258,0,0.24471809942422,0.199647393543558
"TTGATTAGCTGTTTCT-1",0,0,0,0.148546138145459,0.505896943286044,0,0.14415141314245,0.201405505426046
"CTGCTGAGGCCACGAA-1",0,0.156280518523609,0,0.163069679445027,0.133268373996418,0,0.180174861788167,0.36720656624678
"CCGTGTTAAATTCCAT-1",0,0,0,0.158092389082318,0.201930137408387,0,0.195608088421573,0.444369385087722
"GTAGTCGCGGGAATCA-1",0,0,0,0,0.235458811649942,0,0.275805262634254,0.488735925715804
"GCAAACCCTACATTAT-1",0,0.121342998199909,0,0.204979099955888,0.234681940500912,0,0.15313379540434,0.285862165938951
"GTTAAAGTAGGACTGG-1",0,0,0,0.152990071641445,0.217284693929188,0,0.15789690586575,0.471828328563617
"ACCCTCCCTTGCTATT-1",0,0.11630244530209,0,0.123489726375964,0.241029004620749,0,0.241992688387635,0.277186135313561
"CATGTCTCATTTATGG-1",0.116484602676713,0.168907540367891,0,0,0.165332564488272,0,0.127227443726244,0.422047848740881
"AATAGAATCTGTTTCA-1",0,0,0,0.114384670386798,0.14622098165609,0,0.346385394246258,0.393008953710855
"TCTCATGAGATAGGGT-1",0,0,0,0.136914399029001,0.167088265945934,0,0.189737179171207,0.506260155853859
"ATGACTATGCGACATT-1",0,0.106858316146028,0,0.157143328924066,0.312531494469288,0,0.179014868363817,0.244451992096801
"CCTAACCCAAACAAGT-1",0,0.113954734928844,0,0.114853240151823,0.141233342837772,0,0.2252667330374,0.404691949044161
"AGTCAAGATGACACTT-1",0,0.115122001215934,0,0.151228142810491,0.171774236452579,0,0.140840831833545,0.421034787687451
"CGGGAGCTTCAGTGTA-1",0,0,0.165979657927855,0,0.412042152735759,0,0.207872734610531,0.214105454725855
"CCACAGTACCCATCCT-1",0,0,0,0.221849709867522,0.134387478074286,0,0.136727614805526,0.507035197252666
"GAGCGCGCACGAGTAG-1",0,0.129367155739529,0,0.117810091580073,0.141421882958549,0,0.154209882930378,0.457190986791471
"ACCAGTGCGGGAGACG-1",0,0.162584886646471,0,0,0.180425245864025,0,0.198519661737619,0.458470205751885
"TCCTTACGACGGTCCG-1",0,0,0,0.133508261456341,0.29558520208808,0,0.196425047528585,0.374481488926995
"TAGTCGATCACGGGTT-1",0,0.136452506045376,0,0,0.181288296718998,0,0.277125126935832,0.405134070299793
"CGCTGGTGACTACCCT-1",0,0,0,0,0.181608637219612,0,0.426528298490998,0.39186306428939
"GTAGAGGGAGACAAGT-1",0,0.0953832958956442,0.0949690870359619,0.214234631233383,0.243976495624326,0,0.168442990277854,0.18299349993283
"GATCCTCGACACTGGC-1",0,0.120975816692398,0,0,0.365199332115979,0,0.189274620061733,0.324550231129891
"CCTACATTCACAGACG-1",0,0.114993075097819,0,0.142089843874785,0.25677220710815,0,0.179393177209629,0.306751696709617
"ACTTCAGGCTGATCCC-1",0,0.116788709518802,0,0.112899329744665,0.244138589697011,0,0.171115789296779,0.355057581742743
"ACAAATCGCACCGAAT-1",0,0,0,0.134583453579509,0.336971669155718,0,0.219441012282586,0.309003864982187
"CTTTACCGAATAGTAG-1",0,0,0,0,0.457784080082563,0,0.197509483837004,0.344706436080433
"TTCCTCGGACTAACCA-1",0,0,0,0,0.178475686467693,0,0.236716961726658,0.584807351805649
"TTATCCGGGATCTATA-1",0,0.157957975709063,0.141084081443289,0,0.264445384481793,0,0.142403499351003,0.294109059014852
"CTGGAAGACACGGTGG-1",0,0,0,0.196306499892915,0.156664989092639,0.119867363674516,0.22055373606534,0.306607411274591
"GTTCGTCTAAAGAACT-1",0,0,0,0,0.467126216558683,0,0.168776236487411,0.364097546953906
"GTCTATTGGTTCCGGT-1",0,0,0,0,0.244893797284176,0,0.161639684173934,0.59346651854189
"CTAGGCGCCCTATCAG-1",0,0,0,0,0.400748963886022,0.102988472845258,0.160275517784596,0.335987045484124
"AACGGACGTACGTATA-1",0,0,0,0.141180010171398,0.167118116902046,0,0.329951208343081,0.361750664583474
"AACACACGCTCGCCGC-1",0,0,0,0.153364091408681,0.18043034397186,0,0.165947953141096,0.500257611478364
"GCTACTATAGTAGAGT-1",0,0,0,0.145784714444109,0.195783426077382,0,0.210159935897689,0.44827192358082
"TCAACAAAGATAATTC-1",0,0,0,0.157280640478773,0.306232355125732,0,0.196616699923621,0.339870304471874
"ATGACGCGTTCTATCC-1",0,0,0.141160045992244,0.142057788780321,0.185274916389198,0,0.146626271032994,0.384880977805243
"ATTTGCGCGAGTAGCT-1",0,0,0,0.125861129176362,0.248192572294789,0,0.167370309984196,0.458575988544654
"TTCTTGGACGATCTGC-1",0,0,0,0,0.379809031299625,0.158793508398505,0.14832122193128,0.313076238370589
"TTCTGACCGGGCTCAA-1",0,0,0,0,0.498270149135048,0,0.259959412338877,0.241770438526075
"CAGAACTTAGCCCTCT-1",0,0,0,0.285183164556381,0.275889260194316,0,0.207316026404947,0.231611548844356
"AGCTCCTTCGCACATC-1",0,0.145545824409789,0,0.112877603777697,0.227112827222171,0,0.172350115690516,0.342113628899828
"ACAGGCTTGCCCGACT-1",0,0,0,0,0.247952558634599,0,0.222436870320506,0.529610571044895
"AATGTGCCCGAGGTGT-1",0,0,0,0.109939413253058,0.209198069456111,0,0.278488963719881,0.402373553570951
"AGCTGTAACCTCAATC-1",0,0,0,0.19180107570315,0.350627786451698,0,0,0.457571137845151
"CGAGTGAAGGTACCAG-1",0,0,0,0.144984845567714,0.408301433167488,0,0.173872857310521,0.272840863954277
"AGTCTCACAAGACTAC-1",0,0,0,0.137023780933869,0.408142063821638,0,0.144103446776337,0.310730708468155
"AAATTGATAGTCCTTT-1",0,0,0,0.1168695182287,0.239307915127193,0.124764618479035,0.119192880292797,0.399865067872275
"TAAGTCGCCGAGTATC-1",0,0,0,0.202222421722274,0.264079481870331,0,0.313269638121562,0.220428458285833
"ATACGTACTTAGCCAC-1",0,0.131887468013841,0,0,0.312810693882648,0,0.174764583968057,0.380537254135454
"TATCCAATTGGTTATC-1",0,0,0,0,0.266828241770344,0,0.170750078640603,0.562421679589053
"TATTCCGAGCTGTTAT-1",0,0,0,0.309376656667324,0.294173007614004,0,0.245871720178338,0.150578615540334
"CAGGCGCACGGTGGTC-1",0,0,0,0,0.299084603849856,0,0.305567926042604,0.39534747010754
"CAAAGATTATTGGGCC-1",0,0,0,0.154002017194069,0.353129198433193,0,0.116194388752409,0.376674395620328
"ACAATGAATACGGAGA-1",0,0,0,0.26636274339969,0.227996546281042,0,0.177473133200788,0.32816757711848
"GCTCCTGACATACTGG-1",0,0.137132900065883,0,0.117566210449942,0.142797499237438,0,0.145282750985624,0.457220639261113
"CACATCTCACCGACGA-1",0,0.164218999536919,0,0.188408680890781,0.211374369278533,0,0.163751047874362,0.272246902419405
"CGTCGTCCTTCGCGAA-1",0,0,0,0,0.164725761648949,0,0.223276767774172,0.611997470576879
"CGTTGAATACCGCGCT-1",0,0.110016952385205,0,0,0.350665100072211,0,0.204810789733958,0.334507157808625
"ACCAATATGCAAGTTA-1",0,0,0.136681835862461,0.133068655381827,0.409272651515527,0,0.201517137657655,0.119459719582529
"TCGGGAGACAGCGTAC-1",0,0,0,0,0.286958761892617,0,0.372258228819018,0.340783009288365
"CATAAGAAGCTTGGCT-1",0,0.174800514250822,0,0,0.124052301148322,0,0.267694568914646,0.43345261568621
"AAGCACCCTGCGTATC-1",0,0.110866757918044,0.129479417883997,0,0.214396708909248,0,0.198019125853429,0.347237989435283
"AGTTTGCACCTGCCTC-1",0,0,0,0.114302292816513,0.139089525369777,0.173898297462278,0.137822310997401,0.434887573354031
"GTGTATATCAGCGGGC-1",0,0,0,0.133344216884134,0.282007290631614,0,0.185721275768629,0.398927216715622
"ACACTGGGACAGTCGT-1",0,0.142847074686764,0,0.223645069771163,0.266937294067922,0,0.160948086785222,0.205622474688929
"TCCAGGGTATATACGA-1",0,0,0,0.159552532901766,0.168311134546127,0,0.167289015030888,0.504847317521219
"ATCTGGGCTGTTCTTG-1",0,0,0,0.250654487189022,0,0,0.179792388438064,0.569553124372914
"TCAAATTTGAGACTCA-1",0,0.113408085978768,0,0.148880730258847,0.142577688678795,0,0.260875876727365,0.334257618356226
"GTTAAGGGTGCGATGT-1",0,0,0,0.209120745359971,0.141936629031938,0,0.277117457979349,0.371825167628742
"AGCAAAGGCCGCTAGT-1",0,0,0,0.263685701567208,0.19393671745731,0,0.213758427472866,0.328619153502616
"TTATAGGTAATTGTCT-1",0,0,0,0.160553835212923,0.276634312225739,0,0.179016399315218,0.38379545324612
"ACGGACTCTCAAAGCG-1",0,0,0,0.156948781360317,0.218592022652618,0,0.228362346838925,0.39609684914814
"ATGCTCTGGCGCGGTA-1",0,0,0,0.108093703961362,0.160985152783394,0,0.299233709360566,0.431687433894678
"ATAATCTTGGAGAACC-1",0,0,0,0.122736335198444,0.299218689081193,0,0.184731269190462,0.393313706529901
"GGTTTGTGACCTGAGG-1",0,0,0,0.159067137022868,0.214023713238778,0,0.246701239532811,0.380207910205543
"TCTTCGCGGTGAGAGG-1",0,0,0,0.369767545515143,0,0,0.48209742415214,0.148135030332718
"TTCGGGTTGCCACGGG-1",0,0,0,0.146384057202313,0.168387068106854,0,0.22842417547495,0.456804699215883
"ATCCACATCGACAGAA-1",0,0,0,0.361577590307914,0.165190991391775,0,0.147578293886052,0.325653124414259
"TAGACGAAACGCCAAT-1",0,0.145981171870733,0,0.238612854131087,0,0,0.194822759331391,0.420583214666789
"CAGCAGTCTGTGCTGC-1",0,0.132158089167333,0,0.1006732690648,0.321646899393518,0,0.163001474117718,0.282520268256632
"CTCACTGTGATACTTA-1",0,0,0,0.218524243473169,0.286338214356842,0,0.17458820515225,0.320549337017739
"TTAATTGCTTTGGGTG-1",0,0,0,0.12729301616394,0.324624386343459,0,0.136352639287025,0.411729958205576
"GTAGTCTACGATATTG-1",0,0,0,0.259873225494208,0.137483345353602,0,0.158633886558209,0.444009542593981
"TTGCCGCTTTCTAGTA-1",0,0.137239399520114,0,0.187330492183103,0.21027189924436,0,0.230031242886281,0.235126966166142
"GAACCTTTAACGATCC-1",0,0,0.141513021205697,0,0.324242588472069,0,0.218920575297049,0.315323815025184
"TGGACCAATCTAAGAT-1",0,0.101407233322811,0,0.133028047863089,0.168030999167581,0,0.319278911353396,0.278254808293124
"CTAGTAGAAAGGGATT-1",0,0,0,0.107266097945973,0.265337382645808,0,0.182459162253327,0.444937357154892
"GAGTGTCAACCAGAAA-1",0,0,0,0.217994837381245,0.20222774277293,0,0.245324638871273,0.334452780974552
"CTGCCTTTCTAGTAAA-1",0,0,0,0.138789408803133,0.349088718441056,0,0.306317033527783,0.205804839228028
"TTGTGGTGGTACTAAG-1",0,0.128474661948739,0,0.131352650208813,0.185266478046797,0.162254907663026,0.216060394570613,0.176590907562012
"GTGACAGCTTCCCACT-1",0,0,0,0.201595163473727,0.139238594549823,0,0.172998823905946,0.486167418070503
"GTGACGCAGGTTTCAT-1",0,0,0,0.21054902651433,0.164509829010753,0,0.203122228439874,0.421818916035043
"GGGAAGACGGTCTGTC-1",0,0,0,0.206792350582011,0.272334904187293,0,0.209275222653127,0.311597522577569
"CGTCGCATGTGAGCCA-1",0,0,0,0.264585744202425,0.220248307679314,0,0.174673260308978,0.340492687809282
"AGAAGGTTGTAGGTCG-1",0,0.11051560323369,0.124301209930248,0.133324975743712,0.211962054638334,0,0.196512434503855,0.22338372195016
"GGCCGGCGTCTGCTAT-1",0,0,0,0.228808604255568,0.244765851160519,0,0.213330221324796,0.313095323259117
"TTGACCAGGAACAACT-1",0,0,0,0.287483837854022,0.196450458155655,0,0.200085757092335,0.315979946897987
"AGTCGTATAAAGCAGA-1",0,0,0,0.201509936595898,0.298274579159332,0,0.149753913574552,0.350461570670218
"GGCGTAGGGAAAGCTG-1",0,0,0,0.133020833325851,0.29310632327845,0,0.185678148776392,0.388194694619307
"AAACCTAAGCAGCCGG-1",0,0.108976778413449,0,0.249197282989622,0.197273217406422,0,0.174338932973159,0.270213788217349
"CGAGAGCTTTCACTAC-1",0,0,0,0.285587188856468,0.151434780940832,0,0.182533221487359,0.380444808715341
"CGCCCAGCGTTTCACG-1",0,0.10722953203197,0,0.251903731568349,0.187511270122321,0,0.157224241758717,0.296131224518643
"TTAAGTATTGTTATCC-1",0,0.104467765262847,0,0.199713602115942,0.236367366845379,0,0.14442215220768,0.315029113568152
"AAACGGGCGTACGGGT-1",0,0,0,0.155722344204634,0.281021942623643,0,0.195872771190044,0.36738294198168
"GTATCCTTTGGTAACC-1",0,0.132442821816947,0,0.247792056670189,0.212309532412052,0,0.184488032247443,0.222967556853369
"CATAGTCAAATACATA-1",0,0,0,0.132641599627339,0.307041335732555,0,0.214435989565949,0.345881075074157
"TCTATGCTATAACGAC-1",0,0,0,0.122371512322674,0.195765776279101,0,0.162821315041625,0.5190413963566
"ACGTTCTGTACAAGTC-1",0,0,0,0.135533271881552,0.397898186761857,0,0.190301787757652,0.276266753598939
"CGCGAAGTGGCATACT-1",0,0,0,0.165217893838395,0.189357101067409,0,0.154610128850116,0.490814876244079
"ACCAACCGCACTCCAC-1",0,0.130788139504618,0,0,0.32238746093945,0,0.169070429498432,0.3777539700575
"GTCATGCGCGAGGGCT-1",0,0,0,0.144643539964839,0.122958150883322,0,0.22102244448877,0.511375864663069
"TAGGCTAAAGTGGCAC-1",0,0,0,0.264930215155679,0.228621675730207,0,0.198359449838117,0.308088659275997
"TGGCTACACTCTACCT-1",0,0,0,0.124751689383581,0.214210526759768,0,0.410138615237776,0.250899168618876
"TGTCCACGGCTCAACT-1",0,0,0,0.136870007912076,0.249016241002407,0,0.178126298568543,0.435987452516973
"AAGCGCAGGGCTTTGA-1",0,0,0,0.22838496604154,0.269552650827321,0,0.185081162845215,0.316981220285923
"GACCTTCCACGTCTAC-1",0,0,0,0,0.219352641071892,0,0.212294244016192,0.568353114911916
"AATTCGATTCGAGGAT-1",0,0,0,0.201264472724236,0.28184105177493,0,0.185188961882342,0.331705513618492
"AGTCTTTAAAGTGTCC-1",0,0,0,0.171793611279253,0.176575238587796,0,0.246949991856889,0.404681158276062
"GACTAGGCCGTTAGGT-1",0,0,0,0.208357997586126,0.197591084255762,0,0.175295452258123,0.418755465899989
"TCCAAGCCTAGACACA-1",0,0,0,0.221243199272052,0.25769349952582,0,0.11736958921608,0.403693711986048
"GATTGGGAAAGGTTGT-1",0,0,0,0,0.287166243574666,0,0.235338655038474,0.477495101386859
"GATGAGGAACCTTCGG-1",0,0,0,0.1330078689912,0.224776878559512,0,0.201444277697877,0.440770974751412
"TGAATACCGACGCGTA-1",0,0.134907704545092,0,0.161016637467595,0.239128180462451,0,0.168000685492919,0.296946792031943
"AATCGTGAGCCGAGCA-1",0,0,0,0.178264971398654,0.260005823917934,0,0.199383811951888,0.362345392731524
"GCGAAGAATCTGACGG-1",0,0,0,0.216546901016224,0.212800804723758,0,0.197859753078687,0.37279254118133
"CTCTAGCCCTCGGAAA-1",0,0.127933806726512,0.113780945619007,0.137573175576372,0.216731791999073,0,0.173923688851063,0.230056591227972
"GTCTAGTGAGCCGCTT-1",0,0.167811770849551,0,0.151188688769372,0.138467690314235,0,0.149007505983756,0.393524344083087
"TAGCAGTATGACTAAA-1",0,0,0,0,0.140931766383874,0,0.30051921925994,0.558549014356186
"CAAGGCCAGTGGTGCA-1",0,0,0,0.10690128600171,0.217094457105329,0,0.29809919796133,0.377905058931631
"CAGATAATGGGCGGGT-1",0,0,0,0.2012035629802,0.290796600602971,0,0.218374368275271,0.289625468141558
"GAGAACGGTTCTGACT-1",0,0.122750867790304,0,0.116594564744693,0.246367202226656,0,0.185369532438584,0.328917832799763
"CGCTTCGGTCTAAGAC-1",0,0,0,0.118734883588545,0.165898946677449,0,0.349907534871356,0.36545863486265
"AGCATTACGAGGCAAG-1",0,0,0,0.186106646590263,0.167144803078498,0,0.165623492141284,0.481125058189955
"ATGTAGCGCGCGTAGG-1",0,0,0,0.155911156760731,0.237831986636134,0,0.181639498551726,0.424617358051409
"TACGGAAGCCAAACCA-1",0,0,0,0.238692874063799,0.20236092973267,0,0.250234430850248,0.308711765353283
"GCCCTGAGGATGGGCT-1",0,0,0,0,0.326257755406696,0,0.187939041128977,0.485803203464326
"CGGGCGATGGATCACG-1",0,0.140458857565278,0,0,0.156693213886005,0,0.192449351869073,0.510398576679643
"TGCGGACTTGACTCCG-1",0,0,0,0.151106580863106,0.344882722210814,0,0.195513909404867,0.308496787521213
"TAATACTAGAACAGAC-1",0,0.181886581820415,0,0.133063053360174,0.134265572278034,0,0.170878402403062,0.379906390138315
"TCAAATTGTTGTGCCG-1",0,0.163740741447387,0,0.118527901898016,0.177631059982971,0,0.180392803768076,0.359707492903551
"GGGCAGTCAACGCCAA-1",0,0,0,0.13883032437431,0.246816112149845,0,0.180099788768354,0.434253774707491
"TCGCTGCCAATGCTGT-1",0,0,0,0.179334134104651,0.207932416699885,0,0.239136765757554,0.373596683437909
"TACGTGGGCCCAGGGC-1",0,0.111306977578254,0,0.109716212258932,0.290418496255049,0,0.194236849102696,0.294321464805069
"GCCTACGTTCTGTGCA-1",0,0,0,0.252400708752305,0.177181313991431,0,0.178137462936305,0.392280514319959
"TTGCCTTCTCGCCGGG-1",0,0,0,0.128082646171676,0.24480181344034,0,0.19113756705772,0.435977973330264
"CGGACCTTTACGTCCC-1",0,0,0,0.111336647725926,0.301964364451684,0,0.199059096952671,0.387639890869718
"ACGTAGGAGAGTCGCT-1",0,0,0,0.152314575021838,0.210242229537514,0,0.209078423040174,0.428364772400473
"CTGCGACCTCGCCGAA-1",0,0.100895909123242,0,0.1113834762084,0.163575061684068,0,0.174994735687143,0.449150817297147
"GGCCCAGCTGGTTTGC-1",0,0,0,0.22573376712461,0.271858479006821,0,0.176876653696737,0.325531100171833
"GGATTAATCATGGACC-1",0,0.157499837308794,0,0.13253677255382,0.193944380405565,0,0.19565594434777,0.320363065384051
"GAGATGGCTTTAATCA-1",0,0,0,0.120644874255971,0.115462383510678,0,0.398651311030335,0.365241431203016
"AGTACAGAAGCTTATA-1",0,0,0,0.206315977765123,0.269409151023606,0,0.170696473857496,0.353578397353776
"GCGGCTTTAGCAAGTT-1",0,0,0,0.150162391175291,0.197342612841099,0,0.200169655863354,0.452325340120256
"ACCGAGTCTCCTTATT-1",0,0.112757058608732,0,0.100953862649546,0.167265610325783,0.164817423396571,0.219023905344244,0.235182139675125
"GACCACACTTCCCTTT-1",0,0.101845492145667,0,0.175994965535986,0.31966897443968,0,0.163879306125457,0.23861126175321
"GGAAAGGGAATTGAGC-1",0,0,0,0,0.458075097883732,0,0.179794284875067,0.3621306172412
"TACACAGCCGTGGTGC-1",0,0,0,0.115692458257518,0.265152304373008,0.0976011134784142,0.183831392879865,0.337722731011195
"CGGTTGGGCAGGGTCC-1",0,0,0,0,0.246722342196498,0,0.205983858331754,0.547293799471748
"GCACGCCGATTCCCGC-1",0,0,0,0.235317415111542,0.274206323369267,0,0.153636443715015,0.336839817804176
"CGCTTTCCGCCAAGGT-1",0,0,0,0.188052204518043,0.312304047606613,0,0.237036470351842,0.262607277523503
"TGCCCGATAGTTAGAA-1",0,0.114732494238785,0,0,0.268782193293434,0,0.189529338195671,0.42695597427211
"TCAGAACGGCGGTAAT-1",0,0.135799685026113,0,0,0.127504201747519,0,0.191596822016272,0.545099291210096
"TAAATTGTGGGTAAAG-1",0,0.122361909750981,0,0.117533599495514,0.228913828074297,0,0.127103142018259,0.404087520660948
"ATTTATACTGGTAAAG-1",0,0.126774100890516,0,0.15183478899975,0.207297179479904,0,0.175631087430042,0.338462843199787
"GCGTCGTAACATGGTC-1",0,0,0,0,0.263453710998959,0,0.159163676991885,0.577382612009156
"CGGTATGGGCACTCTG-1",0,0,0,0,0.312528154776529,0,0.191981000173145,0.495490845050325
"CTATCACAACGCTGGA-1",0,0,0,0.109503174574225,0.282818232383616,0,0.211068963662735,0.396609629379423
"ACCACACGGTTGATGG-1",0,0.124888449200379,0,0,0.183774304843503,0,0.265546012304496,0.425791233651622
"TCAGCGCACGCCGTTT-1",0,0,0,0,0.262918991787253,0,0.249948075826354,0.487132932386393
"AATGTTAAGACCCTGA-1",0,0,0,0,0.197940632451071,0,0.294129356318551,0.507930011230378
"AACATAGCGTGTATCG-1",0,0,0,0,0.342996392087733,0,0.172952085550536,0.484051522361731
"GTACTACGGCCTCGTT-1",0,0,0,0.169307855405407,0.118366630633586,0.0988969028555094,0.150680161639778,0.46274844946572
"CTCTGTCCATGCACCA-1",0,0,0,0.190344991994357,0.267064739112519,0.17680610902484,0.122241404720953,0.243542755147332
"CCTGATTCGCGAAGAA-1",0,0,0,0.156844248351193,0.174594851786234,0,0.221976896559702,0.446584003302871
"GGCCAATTGTATAGAC-1",0,0.105700106793764,0,0.123281294384689,0.153227207483125,0,0.296128084911014,0.321663306427408
"CATGATACGGTGAAAC-1",0,0,0,0.170293760738077,0.253909828005375,0,0.15001212854422,0.425784282712328
"GTCCGTTAGAGGGCCT-1",0,0,0,0.170063848074435,0.321576201638611,0,0.188632669096354,0.3197272811906
